{
    "development": {
        "connector": [{
            "id": "connector-server-1",
            "host": "127.0.0.1",
            "port": 3150,
            "clientHost": "127.0.0.1",
            "clientPort": 3010,
            "frontend": true
        }],
        "chat": [{
            "id": "chat-server-1",
            "host": "127.0.0.1",
            "port": 3450
        }],
        "area": [{
            "id": "area-server-1",
            "host": "127.0.0.1",
            "port": 3250,
            "area": 1
        }],
        "auth": [{
            "id": "auth-server-1",
            "host": "127.0.0.1",
            "port": 3650
        }]
    },
    "production": {
        "connector": [{
            "id": "connector-server-1",
            "host": "127.0.0.1",
            "port": 3150,
            "clientHost": "127.0.0.1",
            "clientPort": 3010,
            "frontend": true
        }]
    }
}